INDEX,INDEX_PREFIX,CHROMOSOME,LOCATION,STRAND,ANCESTRAL_ALLELE,VARIANT_ALLELE_LIST,GENE,CLINICAL_SIGNIFICANCE,ALLELE,VARIANT
rs1126742_FS1,rs1126742,1,46932824,1,A,G,CYP4A11,Uncertain,A,FALSE
rs1126742_FS2,rs1126742,1,46932824,2,A,G,CYP4A11,Uncertain,A,FALSE
rs11591147_FS1,rs11591147,1,55039974,1,G,"A, T",PCSK9,Pathogenic,G,FALSE
rs11591147_FS2,rs11591147,1,55039974,2,G,"A, T",PCSK9,Pathogenic,G,FALSE
rs16847548_FS1,rs16847548,1,162065484,1,T,C,Unlisted,Uncertain,T,FALSE
rs16847548_FS2,rs16847548,1,162065484,2,T,C,Unlisted,Uncertain,T,FALSE
rs17465637_FS1,rs17465637,1,222650187,1,A,"C, G, T",MIA3,Uncertain,A,FALSE
rs17465637_FS2,rs17465637,1,222650187,2,A,"C, G, T",MIA3,Uncertain,A,FALSE
rs17672135_FS1,rs17672135,1,240282296,1,T,C,FMN2,Uncertain,T,FALSE
rs17672135_FS2,rs17672135,1,240282296,2,T,C,FMN2,Uncertain,T,FALSE
rs2820037_FS1,rs2820037,1,239273242,1,A,T,Unlisted,Uncertain,A,FALSE
rs2820037_FS2,rs2820037,1,239273242,2,A,T,Unlisted,Uncertain,A,FALSE
rs3093059_FS1,rs3093059,1,159715346,1,A,G,CRP,Uncertain,A,FALSE
rs3093059_FS2,rs3093059,1,159715346,2,A,G,CRP,Uncertain,A>G,TRUE
rs376923877_FS1,rs376923877,1,201359637,1,G,"A, T",TNNT2,Likely Pathogenic,G,FALSE
rs376923877_FS2,rs376923877,1,201359637,2,G,"A, T",TNNT2,Likely Pathogenic,G,FALSE
rs3903239_FS1,rs3903239,1,170600176,1,A,"G, T",PRRX1,Uncertain,A,FALSE
rs3903239_FS2,rs3903239,1,170600176,2,A,"G, T",PRRX1,Uncertain,A,FALSE
rs5174_FS1,rs5174,1,53247055,1,C,T,LRP8,Risk Factor,C,FALSE
rs5174_FS2,rs5174,1,53247055,2,C,T,LRP8,Risk Factor,C,FALSE
rs5361_FS1,rs5361,1,169731919,1,T,G,SELE,Uncertain,T,FALSE
rs5361_FS2,rs5361,1,169731919,2,T,G,SELE,Uncertain,T,FALSE
rs55883237_FS1,rs55883237,1,228374584,1,G,"A, C",OBSCN,Uncertain,G,FALSE
rs55883237_FS2,rs55883237,1,228374584,2,G,"A, C",OBSCN,Uncertain,G,FALSE
rs599839_FS1,rs599839,1,109279544,1,G,"A, C",PSRC1,Uncertain,G,FALSE
rs599839_FS2,rs599839,1,109279544,2,G,"A, C",PSRC1,Uncertain,G>C,TRUE
rs6025_FS1,rs6025,1,169549811,1,C,T,F5,Pathogenic,C,FALSE
rs6025_FS2,rs6025,1,169549811,2,C,T,F5,Pathogenic,C,FALSE
rs63750197_FS1,rs63750197,1,226885570,1,C,T,PSEN2,Pathogenic,C,FALSE
rs63750197_FS2,rs63750197,1,226885570,2,C,T,PSEN2,Pathogenic,C,FALSE
rs646776_FS1,rs646776,1,109275908,1,C,T,CELSR2,Uncertain,C,FALSE
rs646776_FS2,rs646776,1,109275908,2,C,T,CELSR2,Uncertain,C,FALSE
rs699_FS1,rs699,1,230710048,1,A,G,AGT,Risk Factor,A>G,TRUE
rs699_FS2,rs699,1,230710048,2,A,G,AGT,Risk Factor,A,FALSE
rs74315379_FS1,rs74315379,1,201364336,1,G,"A, T",TNNT2,Pathogenic,G,FALSE
rs74315379_FS2,rs74315379,1,201364336,2,G,"A, T",TNNT2,Pathogenic,G,FALSE
rs1010_FS1,rs1010,2,85581859,1,T,"C, G",VAMP8,Uncertain,T,FALSE
rs1010_FS2,rs1010,2,85581859,2,T,"C, G",VAMP8,Uncertain,T,FALSE
rs12713559_FS1,rs12713559,2,21006196,1,G,A,APOB,Uncertain,G,FALSE
rs12713559_FS2,rs12713559,2,21006196,2,G,A,APOB,Uncertain,G,FALSE
rs137852752_FS1,rs137852752,2,202556361,1,G,"A, C",BMPR2,Pathogenic,G,FALSE
rs137852752_FS2,rs137852752,2,202556361,2,G,"A, C",BMPR2,Pathogenic,G,FALSE
rs144467873_FS1,rs144467873,2,21006289,1,G,A,APOB,Pathogenic,G,FALSE
rs144467873_FS2,rs144467873,2,21006289,2,G,A,APOB,Pathogenic,G,FALSE
rs200948870_FS1,rs200948870,2,202520142,1,G,A,BMPR2,Pathogenic,G,FALSE
rs200948870_FS2,rs200948870,2,202520142,2,G,A,BMPR2,Pathogenic,G,FALSE
rs2229169_FS1,rs2229169,2,96114968,1,T,"A, G",ADRA2B,Uncertain,T,FALSE
rs2229169_FS2,rs2229169,2,96114968,2,T,"A, G",ADRA2B,Uncertain,T>A,TRUE
rs2943634_FS1,rs2943634,2,226203364,1,A,"C, G",Unlisted,Uncertain,A>G,TRUE
rs2943634_FS2,rs2943634,2,226203364,2,A,"C, G",Unlisted,Uncertain,A,FALSE
rs3754777_FS1,rs3754777,2,168159404,1,C,T,STK39,Uncertain,C,FALSE
rs3754777_FS2,rs3754777,2,168159404,2,C,T,STK39,Uncertain,C,FALSE
rs3755351_FS1,rs3755351,2,70747758,1,G,T,ADD2,Uncertain,G,FALSE
rs3755351_FS2,rs3755351,2,70747758,2,G,T,ADD2,Uncertain,G,FALSE
rs4665058_FS1,rs4665058,2,159333698,1,A,C,BAZ2B,Uncertain,A,FALSE
rs4665058_FS2,rs4665058,2,159333698,2,A,C,BAZ2B,Uncertain,A,FALSE
rs557172581_FS1,rs557172581,2,202555352,1,G,A,BMPR2,Pathogenic,G,FALSE
rs557172581_FS2,rs557172581,2,202555352,2,G,A,BMPR2,Pathogenic,G,FALSE
rs6749447_FS1,rs6749447,2,168184876,1,T,G,STK39,Uncertain,T,FALSE
rs6749447_FS2,rs6749447,2,168184876,2,T,G,STK39,Uncertain,T,FALSE
rs700651_FS1,rs700651,2,197766990,1,G,A,BOLL,Uncertain,G>A,TRUE
rs700651_FS2,rs700651,2,197766990,2,G,A,BOLL,Uncertain,G>A,TRUE
rs139794067_FS1,rs139794067,3,46860813,1,G,"A, C, T",MYL3,Pathogenic,G,FALSE
rs139794067_FS2,rs139794067,3,46860813,2,G,"A, C, T",MYL3,Pathogenic,G,FALSE
rs17300539_FS1,rs17300539,3,186841671,1,G,A,ADIPOQ,Uncertain,G,FALSE
rs17300539_FS2,rs17300539,3,186841671,2,G,A,ADIPOQ,Uncertain,G,FALSE
rs1801282_FS1,rs1801282,3,12351626,1,C,G,PPARG,Likely Benign,C,FALSE
rs1801282_FS2,rs1801282,3,12351626,2,C,G,PPARG,Likely Benign,C,FALSE
rs3900940_FS1,rs3900940,3,108428881,1,T,"A, C",MYH15,Uncertain,T,FALSE
rs3900940_FS2,rs3900940,3,108428881,2,T,"A, C",MYH15,Uncertain,T,FALSE
rs41261344_FS1,rs41261344,3,38575385,1,C,T,SCN5A,Pathogenic,C,FALSE
rs41261344_FS2,rs41261344,3,38575385,2,C,T,SCN5A,Pathogenic,C,FALSE
rs45620037_FS1,rs45620037,3,38613787,1,G,A,SCN5A,Pathogenic,G,FALSE
rs45620037_FS2,rs45620037,3,38613787,2,G,A,SCN5A,Pathogenic,G,FALSE
rs5186_FS1,rs5186,3,148742201,1,A,C,AGTR1,Risk Factor,A,FALSE
rs5186_FS2,rs5186,3,148742201,2,A,C,AGTR1,Risk Factor,A,FALSE
rs6797312_FS1,rs6797312,3,167769515,1,A,T,SERPINI1,Uncertain,A,FALSE
rs6797312_FS2,rs6797312,3,167769515,2,A,T,SERPINI1,Uncertain,A>T,TRUE
rs10033464_FS1,rs10033464,4,110799605,1,T,G,LPA,Uncertain,T,FALSE
rs10033464_FS2,rs10033464,4,110799605,2,T,G,LPA,Uncertain,T,FALSE
rs1799895_FS1,rs1799895,4,24800212,1,C,G,SOD3,Pathogenic,C,FALSE
rs1799895_FS2,rs1799895,4,24800212,2,C,G,SOD3,Pathogenic,C,FALSE
rs2200733_FS1,rs2200733,4,110789013,1,C,T,LOC729065,Uncertain,C,FALSE
rs2200733_FS2,rs2200733,4,110789013,2,C,T,LOC729065,Uncertain,C,FALSE
rs2231137_FS1,rs2231137,4,88139962,1,C,T,ABCG2,Association,C>T,TRUE
rs2231137_FS2,rs2231137,4,88139962,2,C,T,ABCG2,Association,C>T,TRUE
rs4961_FS1,rs4961,4,2904980,1,G,"A, T",ADD1,Risk Factor,G>T,TRUE
rs4961_FS2,rs4961,4,2904980,2,G,"A, T",ADD1,Risk Factor,G,FALSE
rs5335_FS1,rs5335,4,147542688,1,G,"A, C",EDNRA,Uncertain,G,FALSE
rs5335_FS2,rs5335,4,147542688,2,G,"A, C",EDNRA,Uncertain,G,FALSE
rs7439293_FS1,rs7439293,4,168756335,1,G,A,PALLD,Uncertain,G,FALSE
rs7439293_FS2,rs7439293,4,168756335,2,G,A,PALLD,Uncertain,G,FALSE
rs8192678_FS1,rs8192678,4,23814039,1,C,T,PPARGC1A,Uncertain,C,FALSE
rs8192678_FS2,rs8192678,4,23814039,2,C,T,PPARGC1A,Uncertain,C,FALSE
rs1800888_FS1,rs1800888,5,148827322,1,C,T,ADRB2,Drug Response,C,FALSE
rs1800888_FS2,rs1800888,5,148827322,2,C,T,ADRB2,Drug Response,C,FALSE
rs1801020_FS1,rs1801020,5,177409531,1,A,G,"F12, SLC34A1",Benign,A,FALSE
rs1801020_FS2,rs1801020,5,177409531,2,A,G,"F12, SLC34A1",Benign,A,FALSE
rs383830_FS1,rs383830,5,100613278,1,A,T,"F12, SLC34A1",Uncertain,A,FALSE
rs383830_FS2,rs383830,5,100613278,2,A,T,"F12, SLC34A1",Uncertain,A,FALSE
rs966221_FS1,rs966221,5,60206693,1,A,G,PDE4D,Uncertain,A>G,TRUE
rs966221_FS2,rs966221,5,60206693,2,A,G,PDE4D,Uncertain,A>G,TRUE
rs1041981_FS1,rs1041981,6,31573007,1,C,A,"LOC100287329, LTA",Risk Factor,C>A,TRUE
rs1041981_FS2,rs1041981,6,31573007,2,C,A,"LOC100287329, LTA",Risk Factor,C,FALSE
rs10455872_FS1,rs10455872,6,160589086,1,A,G,LPA,Drug Response,A,FALSE
rs10455872_FS2,rs10455872,6,160589086,2,A,G,LPA,Drug Response,A,FALSE
rs1799945_FS1,rs1799945,6,26090951,1,C,G,HFE,Pathogenic,C,FALSE
rs1799945_FS2,rs1799945,6,26090951,2,C,G,HFE,Pathogenic,C,FALSE
rs1800629_FS1,rs1800629,6,31575254,1,G,A,TNF,Drug Response,G,FALSE
rs1800629_FS2,rs1800629,6,31575254,2,G,A,TNF,Drug Response,G,FALSE
rs2076295_FS1,rs2076295,6,7562999,1,T,G,DSP,Uncertain,T,FALSE
rs2076295_FS2,rs2076295,6,7562999,2,T,G,DSP,Uncertain,T,FALSE
rs3798220_FS1,rs3798220,6,160540105,1,T,C,ApoA,Uncertain,T,FALSE
rs3798220_FS2,rs3798220,6,160540105,2,T,C,ApoA,Uncertain,T,FALSE
rs5370_FS1,rs5370,6,12296022,1,G,T,EDN1,Association,G,FALSE
rs5370_FS2,rs5370,6,12296022,2,G,T,EDN1,Association,G,FALSE
rs6922269_FS1,rs6922269,6,150931849,1,G,A,MTHFD1L,Uncertain,G,FALSE
rs6922269_FS2,rs6922269,6,150931849,2,G,A,MTHFD1L,Uncertain,G,FALSE
rs1137617_FS1,rs1137617,7,150951110,1,A,"C, G, T",KCNH2,Pathogenic,A,FALSE
rs1137617_FS2,rs1137617,7,150951110,2,A,"C, G, T",KCNH2,Pathogenic,A,FALSE
rs1799999_FS1,rs1799999,7,113878379,1,C,A,PPP1R3A,Risk Factor,C,FALSE
rs1799999_FS2,rs1799999,7,113878379,2,C,A,PPP1R3A,Risk Factor,C,FALSE
rs1800796_FS1,rs1800796,7,22726627,1,G,C,IL6,Uncertain,G>C,TRUE
rs1800796_FS2,rs1800796,7,22726627,2,G,C,IL6,Uncertain,G,FALSE
rs662_FS1,rs662,7,95308134,1,T,C,PON1,Risk Factor,T,FALSE
rs662_FS2,rs662,7,95308134,2,T,C,PON1,Risk Factor,T>C,TRUE
rs6971091_FS1,rs6971091,7,128723233,1,G,A,FAM71F1,Uncertain,G,FALSE
rs6971091_FS2,rs6971091,7,128723233,2,G,A,FAM71F1,Uncertain,G,FALSE
rs854560_FS1,rs854560,7,95316772,1,A,"C, G, T",PON1,Risk Factor,A,FALSE
rs854560_FS2,rs854560,7,95316772,2,A,"C, G, T",PON1,Risk Factor,A,FALSE
rs10958409_FS1,rs10958409,8,54414531,1,G,A,Unlisted,Uncertain,G,FALSE
rs10958409_FS2,rs10958409,8,54414531,2,G,A,Unlisted,Uncertain,G,FALSE
rs17482753_FS1,rs17482753,8,19975135,1,G,T,Unlisted,Uncertain,G,FALSE
rs17482753_FS2,rs17482753,8,19975135,2,G,T,Unlisted,Uncertain,G,FALSE
rs268_FS1,rs268,8,19956018,1,A,G,LPL,Pathogenic,A,FALSE
rs268_FS2,rs268,8,19956018,2,A,G,LPL,Pathogenic,A,FALSE
rs326_FS1,rs326,8,19961928,1,A,G,LPL,Association,A,FALSE
rs326_FS2,rs326,8,19961928,2,A,G,LPL,Association,A,FALSE
rs4994_FS1,rs4994,8,37966280,1,A,G,ADRB3,Risk Factor,A>G,TRUE
rs4994_FS2,rs4994,8,37966280,2,A,G,ADRB3,Risk Factor,A,FALSE
rs6997709_FS1,rs6997709,8,139167781,1,G,T,Unlisted,Uncertain,G,FALSE
rs6997709_FS2,rs6997709,8,139167781,2,G,T,Unlisted,Uncertain,G,FALSE
rs9298506_FS1,rs9298506,8,54524964,1,A,G,RP1,Uncertain,A,FALSE
rs9298506_FS2,rs9298506,8,54524964,2,A,G,RP1,Uncertain,A,FALSE
rs10306114_FS1,rs10306114,9,122370243,1,A,G,PTGS1,Drug Response,A,FALSE
rs10306114_FS2,rs10306114,9,122370243,2,A,G,PTGS1,Drug Response,A,FALSE
rs10757272_FS1,rs10757272,9,22088261,1,C,T,CDKN2B-AS1,Uncertain,C,FALSE
rs10757272_FS2,rs10757272,9,22088261,2,C,T,CDKN2B-AS1,Uncertain,C>T,TRUE
rs10757274_FS1,rs10757274,9,22096056,1,A,G,CDKN2B-AS1,Uncertain,A,FALSE
rs10757274_FS2,rs10757274,9,22096056,2,A,G,CDKN2B-AS1,Uncertain,A,FALSE
rs10757278_FS1,rs10757278,9,22124478,1,A,G,Unlisted,Uncertain,A>G,TRUE
rs10757278_FS2,rs10757278,9,22124478,2,A,G,Unlisted,Uncertain,A,FALSE
rs1333040_FS1,rs1333040,9,22083405,1,C,"G, T",CDKN2B-AS1,Uncertain,C>G,TRUE
rs1333040_FS2,rs1333040,9,22083405,2,C,"G, T",CDKN2B-AS1,Uncertain,C,FALSE
rs1333048_FS1,rs1333048,9,22125348,1,A,C,Unlisted,Uncertain,A>C,TRUE
rs1333048_FS2,rs1333048,9,22125348,2,A,C,Unlisted,Uncertain,A,FALSE
rs1333049_FS1,rs1333049,9,22125504,1,G,C,Unlisted,Uncertain,G,FALSE
rs1333049_FS2,rs1333049,9,22125504,2,G,C,Unlisted,Uncertain,G,FALSE
rs2383206_FS1,rs2383206,9,22115027,1,A,G,CDKN2B-AS1,Uncertain,A,FALSE
rs2383206_FS2,rs2383206,9,22115027,2,A,G,CDKN2B-AS1,Uncertain,A,FALSE
rs2383207_FS1,rs2383207,9,22115960,1,A,G,CDKN2B-AS1,Uncertain,A>G,TRUE
rs2383207_FS2,rs2383207,9,22115960,2,A,G,CDKN2B-AS1,Uncertain,A,FALSE
rs3217992_FS1,rs3217992,9,22003224,1,C,T,"CDKN2B, CDKN2B-AS1",Uncertain,C,FALSE
rs3217992_FS2,rs3217992,9,22003224,2,C,T,"CDKN2B, CDKN2B-AS1",Uncertain,C>T,TRUE
rs3842787_FS1,rs3842787,9,122371228,1,C,T,PTGS1,Uncertain,C,FALSE
rs3842787_FS2,rs3842787,9,122371228,2,C,T,PTGS1,Uncertain,C,FALSE
rs4977574_FS1,rs4977574,9,22098575,1,A,"G, T",CDKN2B-AS1,Uncertain,A,FALSE
rs4977574_FS2,rs4977574,9,22098575,2,A,"G, T",CDKN2B-AS1,Uncertain,A,FALSE
rs4986790_FS1,rs4986790,9,117713024,1,A,"G, T",TLR4,Benign,A,FALSE
rs4986790_FS2,rs4986790,9,117713024,2,A,"G, T",TLR4,Benign,A,FALSE
rs7025486_FS1,rs7025486,9,121660124,1,G,A,DAB2IP,Uncertain,G>A,TRUE
rs7025486_FS2,rs7025486,9,121660124,2,G,A,DAB2IP,Uncertain,G,FALSE
rs1746048_FS1,rs1746048,10,44280376,1,C,T,Unlisted,Uncertain,C,FALSE
rs1746048_FS2,rs1746048,10,44280376,2,C,T,Unlisted,Uncertain,C>T,TRUE
rs4244285_FS1,rs4244285,10,94781859,1,G,"A, C",CYP2C19,Drug Response,G,FALSE
rs4244285_FS2,rs4244285,10,94781859,2,G,"A, C",CYP2C19,Drug Response,G,FALSE
rs45487699_FS1,rs45487699,10,86681680,1,C,T,LDB3,Pathogenic,C,FALSE
rs45487699_FS2,rs45487699,10,86681680,2,C,T,LDB3,Pathogenic,C,FALSE
rs501120_FS1,rs501120,10,44258419,1,T,C,Unlisted,Uncertain,T,FALSE
rs501120_FS2,rs501120,10,44258419,2,T,C,Unlisted,Uncertain,T>C,TRUE
rs7080536_FS1,rs7080536,10,113588287,1,G,A,HABP2,Benign,G,FALSE
rs7080536_FS2,rs7080536,10,113588287,2,G,A,HABP2,Benign,G,FALSE
rs11570112_FS1,rs11570112,11,47333924,1,G,"A, C",MYBPC3,Pathogenic,G,FALSE
rs11570112_FS2,rs11570112,11,47333924,2,G,"A, C",MYBPC3,Pathogenic,G,FALSE
rs1799963_FS1,rs1799963,11,46739505,1,G,A,F2,Pathogenic,G,FALSE
rs1799963_FS2,rs1799963,11,46739505,2,G,A,F2,Pathogenic,G,FALSE
rs1800497_FS1,rs1800497,11,113400106,1,G,A,ANKK1,Benign,G,FALSE
rs1800497_FS2,rs1800497,11,113400106,2,G,A,ANKK1,Benign,G,FALSE
rs187238_FS1,rs187238,11,112164265,1,C,"A, G",IL18,Uncertain,C,FALSE
rs187238_FS2,rs187238,11,112164265,2,C,"A, G",IL18,Uncertain,C,FALSE
rs190228518_FS1,rs190228518,11,47343070,1,G,"A, T",MYBPC3,Pathogenic,G,FALSE
rs190228518_FS2,rs190228518,11,47343070,2,G,"A, T",MYBPC3,Pathogenic,G,FALSE
rs201457110_FS1,rs201457110,11,6624138,1,C,T,DCHS1,Pathogenic,C,FALSE
rs201457110_FS2,rs201457110,11,6624138,2,C,T,DCHS1,Pathogenic,C,FALSE
rs3781719_FS1,rs3781719,11,14972978,1,A,G,CALCA,Uncertain,A,FALSE
rs3781719_FS2,rs3781719,11,14972978,2,A,G,CALCA,Uncertain,A,FALSE
rs662799_FS1,rs662799,11,116792991,1,G,A,APOA5,Drug Response,G,FALSE
rs662799_FS2,rs662799,11,116792991,2,G,A,APOA5,Drug Response,G>A,TRUE
rs964184_FS1,rs964184,11,116778201,1,G,C,ZPR1,Uncertain,G>C,TRUE
rs964184_FS2,rs964184,11,116778201,2,G,C,ZPR1,Uncertain,G,FALSE
rs104894368_FS1,rs104894368,12,110919133,1,C,"A, G, T",MYL2,Pathogenic,C,FALSE
rs104894368_FS2,rs104894368,12,110919133,2,C,"A, G, T",MYL2,Pathogenic,C,FALSE
rs3794260_FS1,rs3794260,12,108204497,1,G,A,WSCD2,Uncertain,G,FALSE
rs3794260_FS2,rs3794260,12,108204497,2,G,A,WSCD2,Uncertain,G,FALSE
rs7961152_FS1,rs7961152,12,24828677,1,A,C,BCAT1,Uncertain,A,FALSE
rs7961152_FS2,rs7961152,12,24828677,2,A,C,BCAT1,Uncertain,A,FALSE
rs9739493_FS1,rs9739493,12,108250412,1,T,"C, G",WSCD2,Uncertain,T,FALSE
rs9739493_FS2,rs9739493,12,108250412,2,T,"C, G",WSCD2,Uncertain,T,FALSE
rs10507391_FS1,rs10507391,13,30737959,1,A,T,ALOX5AP,Uncertain,A>T,TRUE
rs10507391_FS2,rs10507391,13,30737959,2,A,T,ALOX5AP,Uncertain,A>T,TRUE
rs9315204_FS1,rs9315204,13,33119700,1,C,T,STARD13,Uncertain,C>T,TRUE
rs9315204_FS2,rs9315204,13,33119700,2,C,T,STARD13,Uncertain,C,FALSE
rs1048990_FS1,rs1048990,14,35292469,1,C,"G, T",PSMA6,Risk Factor,C,FALSE
rs1048990_FS2,rs1048990,14,35292469,2,C,"G, T",PSMA6,Risk Factor,C,FALSE
rs121917809_FS1,rs121917809,14,73211811,1,A,"G, T",PSEN1,Pathogenic,A,FALSE
rs121917809_FS2,rs121917809,14,73211811,2,A,"G, T",PSEN1,Pathogenic,A,FALSE
rs3783799_FS1,rs3783799,14,614524988,1,C,T,PRKCH,Uncertain,C,FALSE
rs3783799_FS2,rs3783799,14,614524988,2,C,T,PRKCH,Uncertain,C>T,TRUE
rs841_FS1,rs841,14,54843774,1,G,A,GCH1,Benign,G,FALSE
rs841_FS2,rs841,14,54843774,2,G,A,GCH1,Benign,G>A,TRUE
rs111671429_FS1,rs111671429,15,48596311,1,G,"A, C",FBN1,Pathogenic,G,FALSE
rs111671429_FS2,rs111671429,15,48596311,2,G,"A, C",FBN1,Pathogenic,G,FALSE
rs17228212_FS1,rs17228212,15,67166301,1,T,C,SMAD3,Uncertain,T,FALSE
rs17228212_FS2,rs17228212,15,67166301,2,T,C,SMAD3,Uncertain,T,FALSE
rs2118181_FS1,rs2118181,15,48623687,1,T,C,FBN1,Uncertain,T,FALSE
rs2118181_FS2,rs2118181,15,48623687,2,T,C,FBN1,Uncertain,T,FALSE
rs13333226_FS1,rs13333226,16,20354332,1,A,G,UMOD,Association,A,FALSE
rs13333226_FS2,rs13333226,16,20354332,2,A,G,UMOD,Association,A,FALSE
rs1421085_FS1,rs1421085,16,53767042,1,T,C,FTO,Risk Factor,T,FALSE
rs1421085_FS2,rs1421085,16,53767042,2,T,C,FTO,Risk Factor,T,FALSE
rs17817449_FS1,rs17817449,16,53779455,1,T,"A, G",FTO,Uncertain,T,FALSE
rs17817449_FS2,rs17817449,16,53779455,2,T,"A, G",FTO,Uncertain,T,FALSE
rs183130_FS1,rs183130,16,56957451,1,C,T,CETP,Association,C,FALSE
rs183130_FS2,rs183130,16,56957451,2,C,T,CETP,Association,C,FALSE
rs8055236_FS1,rs8055236,16,83178793,1,G,"A, C, T",CDH13,Uncertain,G,FALSE
rs8055236_FS2,rs8055236,16,83178793,2,G,"A, C, T",CDH13,Uncertain,G,FALSE
rs9934438_FS1,rs9934438,16,31093557,1,G,"A, C",VKORC1,Benign,G,FALSE
rs9934438_FS2,rs9934438,16,31093557,2,G,"A, C",VKORC1,Benign,G,FALSE
rs1024611_FS1,rs1024611,17,34252769,1,A,G,CCL2,Pathogenic,A,FALSE
rs1024611_FS2,rs1024611,17,34252769,2,A,G,CCL2,Pathogenic,A>G,TRUE
rs34210653_FS1,rs34210653,17,4632019,1,G,A,ALOX15,Benign,G>A,TRUE
rs34210653_FS2,rs34210653,17,4632019,2,G,A,ALOX15,Benign,G>A,TRUE
rs4969168_FS1,rs4969168,17,78357712,1,A,G,SOCS3,Uncertain,A,FALSE
rs4969168_FS2,rs4969168,17,78357712,2,A,G,SOCS3,Uncertain,A,FALSE
rs5918_FS1,rs5918,17,47283364,1,T,C,ITGB3,Benign,T,FALSE
rs5918_FS2,rs5918,17,47283364,2,T,C,ITGB3,Benign,T,FALSE
rs76992529_FS1,rs76992529,18,31598655,1,G,A,TTR,Pathogenic,G,FALSE
rs76992529_FS2,rs76992529,18,31598655,2,G,A,TTR,Pathogenic,G,FALSE
rs10413089_FS1,rs10413089,19,44952331,1,T,C,Unlisted,Uncertain,T,FALSE
rs10413089_FS2,rs10413089,19,44952331,2,T,C,Unlisted,Uncertain,T,FALSE
rs13306512_FS1,rs13306512,19,11107513,1,C,"A, G, T",LDLR,Pathogenic,C,FALSE
rs13306512_FS2,rs13306512,19,11107513,2,C,"A, G, T",LDLR,Pathogenic,C,FALSE
rs13306515_FS1,rs13306515,19,11110767,1,C,"A, G, T",LDLR,Pathogenic,C,FALSE
rs13306515_FS2,rs13306515,19,11110767,2,C,"A, G, T",LDLR,Pathogenic,C,FALSE
rs137853964_FS1,rs137853964,19,11129602,1,G,"A, T",LDLR,Likely Pathogenic,G,FALSE
rs137853964_FS2,rs137853964,19,11129602,2,G,"A, T",LDLR,Likely Pathogenic,G,FALSE
rs139361635_FS1,rs139361635,19,11110735,1,G,"A, C, T",LDLR,Likely Benign,G,FALSE
rs139361635_FS2,rs139361635,19,11110735,2,G,"A, C, T",LDLR,Likely Benign,G,FALSE
rs146651743_FS1,rs146651743,19,11107402,1,C,"A, G, T",LDLR,Benign,C,FALSE
rs146651743_FS2,rs146651743,19,11107402,2,C,"A, G, T",LDLR,Benign,C,FALSE
rs146675823_FS1,rs146675823,19,11102706,1,G,"A, T",LDLR,Uncertain,G,FALSE
rs146675823_FS2,rs146675823,19,11102706,2,G,"A, T",LDLR,Uncertain,G,FALSE
rs150673992_FS1,rs150673992,19,11106627,1,C,T,LDLR,Likely Benign,C,FALSE
rs150673992_FS2,rs150673992,19,11106627,2,C,T,LDLR,Likely Benign,C,FALSE
rs172149856_FS1,rs172149856,19,49188641,1,G,A,TRPM4,Likely Benign,G,FALSE
rs172149856_FS2,rs172149856,19,49188641,2,G,A,TRPM4,Likely Benign,G,FALSE
rs1800437_FS1,rs1800437,19,45678134,1,G,C,GIPR,Uncertain,G,FALSE
rs1800437_FS2,rs1800437,19,45678134,2,G,C,GIPR,Uncertain,G,FALSE
rs185098634_FS1,rs185098634,19,11116873,1,C,T,LDLR,Pathogenic,C,FALSE
rs185098634_FS2,rs185098634,19,11116873,2,C,T,LDLR,Pathogenic,C,FALSE
rs200533979_FS1,rs200533979,19,11111541,1,C,"A, T",LDLR,Uncertain,C,FALSE
rs200533979_FS2,rs200533979,19,11111541,2,C,"A, T",LDLR,Uncertain,C,FALSE
rs201016593_FS1,rs201016593,19,11089559,1,G,A,LDLR,Pathogenic,G,FALSE
rs201016593_FS2,rs201016593,19,11089559,2,G,A,LDLR,Pathogenic,G,FALSE
rs201102461_FS1,rs201102461,19,11105250,1,G,A,LDLR,Uncertain,G,FALSE
rs201102461_FS2,rs201102461,19,11105250,2,G,A,LDLR,Uncertain,G,FALSE
rs201102492_FS1,rs201102492,19,11116937,1,G,"A, T",LDLR,Likely Pathogenic,G,FALSE
rs201102492_FS2,rs201102492,19,11116937,2,G,"A, T",LDLR,Likely Pathogenic,G,FALSE
rs201907325_FS1,rs201907325,19,49182608,1,G,"A, T",TRPM4,Uncertain,G,FALSE
rs201907325_FS2,rs201907325,19,49182608,2,G,"A, T",TRPM4,Uncertain,G,FALSE
rs2228671_FS1,rs2228671,19,11100236,1,C,"A, G, T",LDLR,Pathogenic,C,FALSE
rs2228671_FS2,rs2228671,19,11100236,2,C,"A, G, T",LDLR,Pathogenic,C,FALSE
rs369943481_FS1,rs369943481,19,11120454,1,C,"A, T",LDLR,Pathogenic,C,FALSE
rs369943481_FS2,rs369943481,19,11120454,2,C,"A, T",LDLR,Pathogenic,C,FALSE
rs376207800_FS1,rs376207800,19,11100340,1,C,"G, T",LDLR,Likely Pathogenic,C,FALSE
rs376207800_FS2,rs376207800,19,11100340,2,C,"G, T",LDLR,Likely Pathogenic,C,FALSE
rs429358_FS1,rs429358,19,44908684,1,T,C,APOE,Pathogenic,T,FALSE
rs429358_FS2,rs429358,19,44908684,2,T,C,APOE,Pathogenic,T,FALSE
rs4420638_FS1,rs4420638,19,44919689,1,A,G,APOC1,Uncertain,A>G,TRUE
rs4420638_FS2,rs4420638,19,44919689,2,A,G,APOC1,Uncertain,A>G,TRUE
rs540073140_FS1,rs540073140,19,11110780,1,C,T,LDLR,Likely Pathogenic,C,FALSE
rs540073140_FS2,rs540073140,19,11110780,2,C,T,LDLR,Likely Pathogenic,C,FALSE
rs544453230_FS1,rs544453230,19,11110714,1,G,"A, C",LDLR,Uncertain,G,FALSE
rs544453230_FS2,rs544453230,19,11110714,2,G,"A, C",LDLR,Uncertain,G,FALSE
rs551747280_FS1,rs551747280,19,11100237,1,G,"A, T",LDLR,Pathogenic,G,FALSE
rs551747280_FS2,rs551747280,19,11100237,2,G,"A, T",LDLR,Pathogenic,G,FALSE
rs552422789_FS1,rs552422789,19,11113308,1,G,"A, C",LDLR,Likely Pathogenic,G,FALSE
rs552422789_FS2,rs552422789,19,11113308,2,G,"A, C",LDLR,Likely Pathogenic,G,FALSE
rs563382937_FS1,rs563382937,19,11120198,1,A,"G, T",LDLR,Likely Pathogenic,A,FALSE
rs563382937_FS2,rs563382937,19,11120198,2,A,"G, T",LDLR,Likely Pathogenic,A,FALSE
rs563390335_FS1,rs563390335,19,11102777,1,C,"A, T",LDLR,Pathogenic,C,FALSE
rs563390335_FS2,rs563390335,19,11102777,2,C,"A, T",LDLR,Pathogenic,C,FALSE
rs570942190_FS1,rs570942190,19,11113337,1,C,T,LDLR,Pathogenic,C,FALSE
rs570942190_FS2,rs570942190,19,11113337,2,C,T,LDLR,Pathogenic,C,FALSE
rs577934998_FS1,rs577934998,19,11105570,1,T,"C, G",LDLR,Pathogenic,T,FALSE
rs577934998_FS2,rs577934998,19,11105570,2,T,"C, G",LDLR,Pathogenic,T,FALSE
rs5933_FS1,rs5933,19,11113414,1,C,"G, T",LDLR,Benign,C,FALSE
rs5933_FS2,rs5933,19,11113414,2,C,"G, T",LDLR,Benign,C,FALSE
rs7250581_FS1,rs7250581,19,29573489,1,A,G,SEZ6L,Uncertain,A,FALSE
rs7250581_FS2,rs7250581,19,29573489,2,A,G,SEZ6L,Uncertain,A,FALSE
rs72658860_FS1,rs72658860,19,11110681,1,G,A,LDLR,Uncertain,G,FALSE
rs72658860_FS2,rs72658860,19,11110681,2,G,A,LDLR,Uncertain,G,FALSE
rs77615401_FS1,rs77615401,19,55156239,1,G,A,TNNI3,Benign,G,FALSE
rs77615401_FS2,rs77615401,19,55156239,2,G,A,TNNI3,Benign,G,FALSE
rs3843763_FS1,rs3843763,20,45919554,1,C,T,PLTP,Association,C,FALSE
rs3843763_FS2,rs3843763,20,45919554,2,C,T,PLTP,Association,C,FALSE
rs1041740_FS1,rs1041740,21,31667849,1,C,T,SOD1,Uncertain,C,FALSE
rs1041740_FS2,rs1041740,21,31667849,2,C,T,SOD1,Uncertain,C,FALSE
rs1805127_FS1,rs1805127,21,34449523,1,T,C,KCNE1,Benign,T,FALSE
rs1805127_FS2,rs1805127,21,34449523,2,T,C,KCNE1,Benign,T,FALSE
rs688034_FS1,rs688034,22,26293669,1,C,T,SEZ6L,Uncertain,C,FALSE
rs688034_FS2,rs688034,22,26293669,2,C,T,SEZ6L,Uncertain,C,FALSE